address,lifetime,most_active_day,activity_days,in_vs_out,num_in,num_out,addresses_in_out,median_delay,mean_delay,max_delay,min_delay,total_sent,total_recv,avg_out,avg_in,max_diff
13FvXaqpgqkNRmMd43JDdcYSJqRha32F8q,5365165.0,"('2011-05-26', 4)",18,1.0,17,17,0,11758.0,19178.846154,60951.0,2622.0,16.32000000,16.32000000,0.96,0.96,16.319999999999997
1AoaLZMw5pyEBz3AAdosguHkLEZcNy1ZYn,133163906.0,"('2015-07-11', 441)",9,356.5,713,2,0,38340.0,38340.0,69312.0,7368.0,1.50000000,1.50711000,0.75,0.00211375876578,1.50711
1Mc57132WGeake8gBxGtCFtBzHkR1HAuey,101305557.0,"('2012-06-30', 3)",528,6.409090909090909,564,88,0,36070.0,57357.041096,320268.0,0.0,746.10000000,746.10000000,8.47840909091,1.32287234043,746.1000000000007
1C4yQzoK2Q8tQCLjCPC8DtDSBf62vf6mVR,12751485.0,"('2011-05-17', 7)",73,5.96,149,25,0,16235.0,48924.136364,467668.0,517.0,15.65000000,16.07257003,0.626,0.107869597517,16.07257002999999
159FTr7Gjs2Qbj4Q5q29cvmchhqymQA7of,15205180.0,"('2011-03-21', 3526)",42,1.0510229540918163,8425,8016,1,0.0,816.425407,5736367.0,0.0,133.50000000,133.50000000,0.0166541916168,0.0158456973294,133.50000000002902
1J58mJj5wnjyhhmdFdVew9amSvzwkVh5dV,142792848.0,"('2011-06-07', 26)",196,0.8511166253101737,343,403,89,1722.0,29941.721461,694720.0,0.0,54.75000000,54.75000000,0.114640198511,0.134693877551,46.200000000000095
1Kc2y5rwMU8nHXXpNJmrAcsxJsA4ZQi8wN,43714428.0,"('2011-06-19', 5)",122,9.615384615384615,125,13,1,7575.0,19503.363636,73625.0,323.0,150.35741574,150.35741574,11.5659550569,1.20285932592,150.35741574000005
12xm2jMihYMZ2hjJrPY6JWxKArmkRf3BfP,18252696.0,"('2011-04-19', 4)",33,9.25,37,4,0,673830.5,673830.5,1193492.0,154169.0,15.09000000,15.09000000,3.7725,0.407837837838,15.09
15rkMjsuJsq7ZTr4rEbYdkMF39iCXTeqcW,3747284.0,"('2011-06-08', 9)",28,1.0217391304347827,47,46,0,6657.0,14345.8,67501.0,687.0,61.98000000,61.98000000,1.34739130435,1.31872340426,61.98000000000001
1NqEVAkrxnL7hqWqrw3rf9JLFvmRsee1xU,11605348.0,"('2011-03-26', 8)",54,1.0204081632653061,50,49,0,28183.0,49492.606061,248295.0,1968.0,37.72000000,37.72000000,0.769795918367,0.7544,37.72
143YhfeMh1rXVBFhJGdMgo9U7PKbbAMkfy,2970803.0,"('2011-05-04', 8)",21,1.0,25,25,0,18910.0,25251.888889,85142.0,0.0,.25000000,.25000000,0.01,0.01,0.2500000000000001
1Dj1SocbbH9Lbb9aTdqSHB9AAjhdxNNZha,8549950.0,"('2011-06-14', 4)",39,1.0,34,34,0,10828.0,25625.5,109457.0,1187.0,957.29650142,957.29650142,28.1557794535,28.1557794535,957.29650142
1JHNA3GXgBYJGR6jsbktZi8WDSPHo9wygS,91696510.0,"('2013-10-29', 4)",19,1.0666666666666667,16,15,0,31475.0,68348.4,168961.0,7197.0,195.62820000,195.62820000,13.04188,12.2267625,195.62820000000002
1dVgxTGy8STEBtyRFbojY7dLN8KQ7mnnv,26607193.0,"('2011-07-31', 16)",98,1.3133333333333332,197,150,0,18139.5,34873.742857,262319.0,0.0,9.17000000,9.17000000,0.0611333333333,0.0465482233503,9.169999999999979
1CeJ7kTPML8rm7uWarusMoVbyxpCai1nuJ,65101386.0,"('2011-05-17', 5)",34,1.5238095238095237,32,21,0,68902.0,284267.5,985662.0,13604.0,25.25000000,25.25000000,1.20238095238,0.7890625,25.249999999999996
1LBwXYpeqbJpuTzGWj5mbfhWGr7nVr4Bg3,13906374.0,"('2011-04-17', 5)",25,1.4705882352941178,25,17,1,15085.0,111691.666667,1151231.0,765.0,117.00214291,117.00214291,6.88247899471,4.6800857164,117.00214291000002
16MF6EdW2pnPyBvquP2tF6DangJBAw6wnG,7344030.0,"('2011-04-22', 9)",13,1.0,22,22,1,17128.0,20397.222222,64292.0,2595.0,55.99000000,55.99000000,2.545,2.545,55.99
1FPM7hAzNY9pWvYyirjX5RuzJBTbt37me9,3209028.0,"('2011-06-25', 3)",22,3.3333333333333335,20,6,1,124169.5,96245.75,132122.0,4522.0,25.99000000,25.99000000,4.33166666667,1.2995,25.990000000000002
13fjLwsAJC7KsH3wPhA3vbLLcSBfBMb6r5,100263771.0,"('2010-10-30', 15)",61,0.896551724137931,52,58,8,1188.0,80331.066667,1606119.0,0.0,37.91000000,37.91000000,0.603448275862,0.673076923077,35.00000000000002
1Dx67Wkh3ja3FFjWJjVYuF6JBgDD5E6mua,5457401.0,"('2011-05-27', 4)",26,7.0,28,4,0,12675.0,12675.0,24284.0,1066.0,48.40000000,48.40000000,12.1,1.72857142857,48.4
1CEbMnKeMF8FMSQ1qJ5zEPgRb1Tq6ufD6H,147323777.0,"('2011-05-03', 4)",151,28.5,171,6,0,42840.5,42840.5,84340.0,1341.0,175.21829806,175.21829806,29.2030496767,1.02466840971,175.21829805999997
1DDDFH4CiqDV3XJAxSaxPtQrEJpVoJTh5i,21944107.0,"('2011-05-23', 2)",30,15.0,30,2,0,1884226.0,1884226.0,3620713.0,147739.0,300000.0,.37000000,0.015,0.0123333333333,0.37000000000000016
1PyFkNXp6gW7rmgLMnY4NjiLcuEMhNhHSb,10381900.0,"('2011-04-08', 21)",53,11.125,267,24,0,23327.0,52981.75,331946.0,4544.0,110.07000000,110.07000000,4.58625,0.412247191011,110.07000000000008
17EFfhuSVVP2zd1sbr7fF24xP22APqs6Lm,3451661.0,"('2010-10-06', 9)",23,1.4375,46,32,1,6355.5,16608.818182,59804.0,561.0,8200.00000000,8200.00000000,256.25,178.260869565,8200.0
17oW8NnbARVWm4YY7CbZL469kCM82H1JZt,3404845.0,"('2011-06-08', 5)",20,1.0,22,22,0,16696.0,31221.2,174270.0,3404.0,5.14000000,5.14000000,0.233636363636,0.233636363636,5.140000000000001
13avSf6Nw29HvLpjNwzC4oznNXCYoWiuBn,7997341.0,"('2011-02-17', 15)",12,2.466666666666667,37,15,0,4550.0,24739.375,163200.0,791.0,59.43000000,59.43000000,3.962,1.60621621622,59.42999999999999
1EdGARt3FEomSEpaXimGjMvsZwPdy4DWLZ,90354292.0,"('2012-05-22', 22)",368,3.918918918918919,435,111,6,11046.0,110551.94186,4420073.0,0.0,87.84537645,87.84537645,0.791399787838,0.201943394138,87.84537644999999
19uNfwjEGz6eeBX2LUuUUsK33VqSzVKS9Z,3458480.0,"('2011-05-18', 13)",29,1.0666666666666667,64,60,0,9505.0,15478.875,80901.0,401.0,56.22000000,56.22000000,0.937,0.8784375,56.22000000000001
1Kcmt5XHznuAvSfkNYeksC7ymbyGmi8e6B,1577440.0,"('2011-06-08', 12)",19,1.069767441860465,46,43,0,4502.0,10996.333333,89776.0,0.0,13.20000000,13.20000000,0.306976744186,0.286956521739,13.199999999999998
1H3vqrwJpmsrvUAbZ3eyW5YEmRy18yadet,20112815.0,"('2011-06-14', 12)",66,1.2314049586776858,149,121,0,11408.0,14241.673913,56015.0,0.0,36.45000000,36.45000000,0.301239669421,0.244630872483,36.45000000000012
16cKPPWMKSiegJwqKj4xpEPm14S5dhoWcS,4093507.0,"('2011-04-29', 12)",31,1.064516129032258,66,62,0,14090.0,16308.764706,54934.0,0.0,2.49000000,2.49000000,0.0401612903226,0.0377272727273,2.490000000000001
19ULqZSRFAnMMgwJqU3acDYWzbyCBmaKvN,60670651.0,"('2012-08-19', 2)",381,35.09090909090909,386,11,0,38181.0,49827.7,146529.0,7266.0,150.08000000,150.08000000,13.6436363636,0.388808290155,150.08000000000007
1DF4v2GMtQxJCAQNadhPx3tK2XmLqfZ9c7,3607780.0,"('2011-06-09', 5)",27,1.096774193548387,34,31,0,7291.5,17392.166667,134128.0,975.0,.55100000,.55100000,0.0177741935484,0.0162058823529,0.5510000000000002
1HgSBZ1Wiwny1K6FSZq6MyHpawVjp2o6Xp,74985102.0,"('2013-04-14', 6)",33,1.6842105263157894,32,19,4,2146.0,64092.4,277686.0,0.0,5.65004335,5.65004335,0.297370702632,0.176563854687,5.65004335
16X7zpci5B4mQ4JXksJqcNLxPr9rhp4gFr,60012756.0,"('2011-07-09', 2)",39,1.8125,29,16,0,153049.0,307271.545455,1618706.0,5001.0,61.93005213,61.93005213,3.87062825812,2.13551903897,61.93005213
1ACEdnwebVAVo6ovenbzmkBzodmmWZmU3i,11006359.0,"('2011-09-19', 2)",56,8.0,56,7,0,51726.0,93289.25,256594.0,13111.0,15.90000000,15.90000000,2.27142857143,0.283928571429,15.899999999999999
1DZgvfXwpQDmBGmNe8AAteo6RiwbtbwN3r,158184905.0,"('2011-05-29', 7)",36,17.0,85,5,0,176092.0,841623.333333,2312103.0,36675.0,2.63545969,2.63545969,0.527091938,0.0310054081176,2.6354596900000002
15sQxTSq4GvbG7LREQc5HkwvwLW9c1LL8i,15692719.0,"('2011-07-11', 5)",39,9.714285714285714,68,7,0,105005.0,76505.0,113731.0,10779.0,229.73439711,229.73439711,32.8191995871,3.37844701632,229.73439711000006
1PmhxzYEm929kfn1XmSrv3nrF6LCusRjXe,3719302.0,"('2011-06-06', 4)",35,1.0,32,32,0,13309.0,24799.37037,80812.0,2278.0,36.67000000,36.67000000,1.1459375,1.1459375,36.67000000000001
13AQ3NJAQyucPs1q6fjZ4H7KMEBbbiLgmZ,70505637.0,"('2011-05-29', 9)",36,3.037037037037037,82,27,1,14454.5,11682.75,15630.0,2192.0,11.08027900,11.87837666,0.410380703704,0.144858251951,11.878376659999999
1PJLL8rcN74Zyz8QyhuSEqJnB1p7sFvRvi,10456971.0,"('2011-04-22', 4)",25,1.5,24,16,0,13718.5,33551.666667,169839.0,1798.0,143.54000000,143.54000000,8.97125,5.98083333333,143.54
1FygL2WZp8m2RPLCdgN42gBJjgFditeq5Y,22924512.0,"('2011-06-02', 7)",93,3.4285714285714284,96,28,0,46119.0,58147.88,174327.0,356.0,81.46000000,81.46000000,2.90928571429,0.848541666667,81.46000000000002
1LM3hRDiPc4bL995xR54fcW6mctgbmht3Q,10983448.0,"('2010-12-08', 4)",35,10.5,42,4,0,8216.5,8216.5,15792.0,641.0,4.80000000,4.80000000,1.2,0.114285714286,4.799999999999999
14sxvhx1iXw8yr5b7zWgVKgZpWAg8wxAqE,28431197.0,"('2011-08-09', 3)",107,4.04,101,25,0,10980.0,25975.866667,127395.0,3231.0,40.39921710,40.39921710,1.615968684,0.399992248515,40.3992171
1LdaG25JRrhwjb8g9mBxCk6Zb1YherwhSW,3531099.0,"('2011-06-09', 5)",12,1.0,13,13,0,7987.5,29342.9,186983.0,1959.0,1.33000000,1.33000000,0.102307692308,0.102307692308,1.33
1CetafuSUXgYeNLmNeJuG9eSyMjBELsXxy,4211028.0,"('2011-06-04', 4)",12,1.3333333333333333,16,12,0,2435.0,6654.636364,24961.0,333.0,89.00000000,89.00000000,7.41666666667,5.5625,89.00000000000001
18E83Swk2S7Kjj8P7rdySm5AScRsXNgxwE,5501441.0,"('2011-05-17', 5)",22,1.4615384615384615,19,13,1,57971.0,170651.777778,702602.0,0.0,133.22950000,133.22950000,10.2384615385,7.00526315789,133.10000000000002
1MfH4M4HmKVanopwP29V4JxwPjw6dPFKdj,41983623.0,"('2011-07-12', 4)",21,1.0625,17,16,0,11223.5,282829.3,1894643.0,1523.0,303.84479869,303.84479869,18.9902999181,17.8732234524,303.84479869
19CvdpgbfGTYEJZDThrep7WnsiHrp6fjwt,22575297.0,"('2011-10-25', 2)",45,5.125,41,8,1,101463.5,245643.125,878172.0,0.0,10.83593164,10.83593164,1.354491455,0.26429101561,10.83593164
1MiXTV2Z4NhmGtzMUUsnaCPJnbkSyDJLg9,2185859.0,"('2011-05-25', 4)",18,2.0714285714285716,29,14,1,65489.5,95727.1,332850.0,3261.0,56.33000000,56.33000000,4.02357142857,1.9424137931,56.33
1GiHW3e9UihVdmr8qHWWGDfFxip6rRczF6,83792958.0,"('2012-01-27', 2)",87,3.3333333333333335,70,21,0,325876.0,860649.923077,3853277.0,996.0,41.60001619,41.60001619,1.9809531519,0.594285945571,41.60001619000001
1LrW2UF9FSCTR8imqKz89zvRyRJMXjxgwF,92597493.0,"('2011-06-10', 4)",123,6.05,121,20,0,48433.5,332504.444444,3109693.0,485.0,107.78602669,107.78602669,5.3893013345,0.890793609008,107.78602669000006
1Fy1aueDDfS9WEJM7MaKKDhgguBzgsNL69,2514193.0,"('2011-06-09', 4)",22,3.375,27,8,0,1595.0,29528.375,130277.0,270.0,13.37000000,19.59000000,1.67125,0.725555555556,19.59
1EkYUTpcnHwzN3317AWtNFVfVb18hLnrqd,29249084.0,"('2011-06-08', 6)",28,4.375,35,8,0,24263.0,66816.0,216769.0,1969.0,22.05000000,22.05000000,2.75625,0.63,22.050000000000004
1AESQDLZuwM4ZD3kBAxqm1PRqzGA2HYSVt,6342793.0,"('2011-06-01', 6)",18,5.333333333333333,32,6,0,263051.5,308960.75,697287.0,12453.0,1.93838602,1.93838602,0.323064336667,0.060574563125,1.9383860199999998
1NVbbD7FdRuAac4LxShozbXnGpQHbXxF7u,2033306.0,"('2011-06-15', 6)",16,1.0,17,17,0,8649.0,23449.0,190199.0,1237.0,2.05000000,2.05000000,0.120588235294,0.120588235294,2.0500000000000007
1Frex93jaEFJ2ZE3yhK8HKvw22gCaEQoyr,56997089.0,"('2013-01-27', 136)",125,1.6923076923076923,176,104,12,0.0,89057.445783,5584730.0,0.0,5927.66570810,5927.66570810,56.9967856548,33.679918796,5927.6657081
1JMX1dFAuXmzrwvS3XPenz38NqfhZdeius,8198273.0,"('2011-05-23', 9)",69,14.5,203,14,0,24668.5,40022.583333,182434.0,1756.0,26.94406709,26.94406709,1.92457622071,0.132729394532,26.944067090000004
1EThyoKaNdGdvuKPDLFcivURUYirKNS6sb,24069775.0,"('2012-01-21', 5)",234,4.7,376,80,0,5770.0,17568.987342,171251.0,0.0,83.36001000,83.36001000,1.042000125,0.221702154255,83.36000999999999
1ABzRevHVGHKTCxSXBxjSLMkMTmWK1v8J7,136372876.0,"('2011-06-14', 9)",117,22.0,352,16,0,13223.0,3271456.384615,42329652.0,1286.0,81.20193115,82.47003401,5.07512069687,0.234289869347,82.47003400999999
1Nwi5UVqx8P7FXZJqkcar9vURWcTckvFyE,3283912.0,"('2011-05-20', 6)",34,1.027027027027027,38,37,0,7680.5,17795.033333,95761.0,884.0,39.35000000,39.35000000,1.06351351351,1.03552631579,39.349999999999994
1NHHbQznyPo3dw8YVENZqyRvq5nK25tvbL,8781086.0,"('2011-05-11', 8)",99,1.1018518518518519,119,108,0,19132.0,22452.5,85818.0,0.0,162.05000000,162.05000000,1.50046296296,1.36176470588,162.05000000000015
1NbLPvDEvpcbKXKoAukwMaoXKJeDgRpbyy,26620479.0,"('2011-06-09', 183)",140,1.510936132983377,1727,1143,4,220.0,3807.221622,56764.0,0.0,2266.91000000,2266.91000000,1.98329833771,1.31262883613,2266.9100000001263
1PS3D9eHzDsJ8f5W8t8ne5tMgNTCmMeYjb,4496358.0,"('2011-05-03', 12)",39,1.0,43,43,0,16615.0,27787.041667,97465.0,0.0,61.44000000,61.44000000,1.4288372093,1.4288372093,61.44000000000001
1sX4PwCaVousncKB6Neue4PTFveo45jCG,49950689.0,"('2012-08-02', 3)",207,7.366666666666666,221,30,0,24460.0,50149.344828,264664.0,1733.0,805.85125125,805.85125125,26.861708375,3.64638575226,805.85125125
18fJ5Rx34jBDajpGZ3nHHNmTCK9n74MH9X,3634687.0,"('2011-05-27', 9)",38,10.272727272727273,113,11,0,3544.0,23471.9,101617.0,0.0,16.85400000,16.85400000,1.53218181818,0.149150442478,16.854
19UR75qMuyvwArYDa9VQ8qVhyPGj8UJCH5,39651176.0,"('2012-05-23', 2)",29,15.5,31,2,0,5141.0,5141.0,5141.0,5141.0,.12000000,.62702675,0.06,0.0202266693548,0.6270267500000002
12x7SoPBxe5sKHQk9bZhT5Mjhms6iCqveN,1276360.0,"('2011-06-02', 9)",10,1.0,14,14,0,9245.5,16737.4,68239.0,2035.0,164.48000000,164.48000000,11.7485714286,11.7485714286,164.48000000000002
1Ch8zKeGY4RKCTsXD8TZhM6xGxC4aTZmSa,2561547.0,"('2010-09-28', 53)",10,7.5,60,8,2,0.0,33173.145455,731931.0,0.0,96.75000000,96.75000000,12.09375,1.6125,96.75
19JFgyx9icSfwrqApzBST46SSq8Wf4oMn5,12699123.0,"('2011-06-19', 4)",45,2.933333333333333,44,15,0,49453.0,34418.666667,54252.0,4056.0,16.42000000,16.42000000,1.09466666667,0.373181818182,16.42
179ThTigNK8yQS243T7U3V1B6yhs8FQVfQ,5314082.0,"('2011-06-11', 2)",28,7.25,29,4,0,110181.0,105681.333333,205522.0,1341.0,1.04000000,1.04000000,0.26,0.0358620689655,1.0400000000000003
16TBfyeJEkT3aaJXzgshmNMzP6VFLg6T9B,54148629.0,"('2011-06-02', 4)",21,1.2222222222222223,22,18,0,7589.0,25320.0,180328.0,443.0,76.89000000,76.89000000,4.27166666667,3.495,76.89000000000001
1JfE2f4BZyD6EUPFx2CoDcNN85JQg1KRD,8146419.0,"('2011-06-11', 4)",21,1.4285714285714286,20,14,0,6239.0,44417.75,154250.0,433.0,952.28431789,952.28431789,68.0203084207,47.6142158945,952.28431789
12dngCVu1WnjaRnSTp12vqY6cPYQhH4Bva,7248132.0,"('2011-07-08', 5)",37,1.0222222222222221,46,45,0,18604.0,31994.947368,395847.0,607.0,257.99000000,257.99000000,5.73311111111,5.60847826087,257.99
14ckbQJx7npVcaGXsWZRDw51D2gHaHmKfz,36652379.0,"('2012-06-13', 3)",28,2.142857142857143,30,14,0,39443.0,2072189.538462,26124915.0,1807.0,.74000000,.74000000,0.0528571428571,0.0246666666667,0.7400000000000002
19WccxXvqJ1ZAMZ3EXszWviVxwXjty5xoE,193012616.0,"('2011-05-28', 3)",22,7.0,28,4,0,25910.0,25910.0,25910.0,25910.0,17.93000000,17.93000000,4.4825,0.640357142857,17.93
1MFRTu8ytxugtZSJSfdvyCopMu9vRYHNB5,61335378.0,"('2012-01-11', 2)",323,21.2,318,15,0,52772.0,77630.923077,492434.0,1028.0,169.04079195,169.04079195,11.26938613,0.531574817453,169.04079195000008
1Ef9tVdaJcoDSHLWF37ArWhoUittmuoBTM,95137136.0,"('2013-02-26', 10)",44,21.5,86,4,0,3985.0,3985.0,4014.0,3956.0,27.55344942,27.55344942,6.7043022625,0.311828012209,26.817209050000024
198qyBoDC1qzQMLXAR2Tu7tRi6vwYtFC8u,45143821.0,"('2011-03-25', 4)",28,8.2,41,5,0,13191.0,13191.0,17132.0,9250.0,45.15000000,45.15000000,9.03,1.1012195122,45.15
18dWzde6tFyDFc6tAD1t8nh7rNfYn2zvvT,114559807.0,"('2013-05-20', 23)",96,1.2396694214876034,150,121,3,7291.5,68949.403846,925603.0,0.0,180.06875388,180.06875388,1.48817151967,1.2004583592,180.06875387999997
1G5rnrsTwKF42NhnW2ucwDJKEy6ejgX6Ez,1648684.0,"('2011-06-10', 26)",15,1.0,34,34,0,4033.5,4258.875,14641.0,0.0,13.39000000,13.39000000,0.393823529412,0.393823529412,13.390000000000002
13demyqwdkVUTaGeXjY9EiPemgitEgAsHv,193714889.0,"('2011-05-23', 8)",25,81.0,81,1,0,26670384.0,26670384.0,26670384.0,26670384.0,5.39583246,5.42009511,5.39583246,0.0669147544444,5.420095109999997
1FfkqN26GZuHmQD9kspS2LnfgrKb9txqTh,4105210.0,"('2011-04-28', 5)",22,1.0625,17,16,0,34730.0,58079.666667,271930.0,5297.0,61.72621915,61.72621915,3.85788869688,3.63095406765,61.72621915
18YuGYo6s5WaBMrFW6gAxaXZ4wGVMQh3kv,20729988.0,"('2011-01-22', 30)",67,1.0769230769230769,98,91,1,10756.0,28837.571429,342553.0,0.0,354.43000000,354.43000000,3.88835164835,3.6106122449,353.8399999999999
1K2GvTVPNHstcj9mDYFnEQHL1rauRewo7T,5253018.0,"('2011-01-03', 352)",16,0.976158940397351,1474,1510,4,0.0,198.012238,119359.0,0.0,66.73000000,66.73000000,0.0438609271523,0.0449321573948,66.22999999999972
1FnLJQSK6frt5BwG8Q6Kwj1dPALc1simxg,75174220.0,"('2011-05-03', 3)",32,3.1818181818181817,35,11,0,103234.0,82035.0,112623.0,30248.0,71.51000000,71.51000000,6.50090909091,2.04314285714,71.51000000000002
13xxGt4gDFMmrotQgoMyNKrrC3sRcabwtv,105635748.0,"('2013-02-14', 6)",31,6.857142857142857,48,7,2,2556.0,12141293.0,48560060.0,0.0,13.95585712,13.95585715,1.82390816,0.265986607292,12.767357150000002
1K4MRPgRajBatWLu2FTk8pLWWZEUSFAGBK,131253814.0,"('2013-01-15', 3)",23,1.7272727272727273,19,11,1,58631.5,92197.75,250360.0,1168.0,15.96286710,15.96286710,1.29336660545,0.748791192632,14.22703266
13yu6QREAmBDiZL1VzppZH6j5P1aakWowz,13161088.0,"('2011-06-14', 3)",37,1.48,37,25,0,13268.5,37069.85,243446.0,67.0,98.83000000,98.83000000,3.9532,2.67108108108,98.83000000000003
161ntD1b8XtWbWeedKvoZjJnGm9B48KtBe,7086171.0,"('2011-06-28', 4)",46,1.0810810810810811,40,37,0,33507.0,55742.772727,383486.0,6755.0,7504.47974231,7504.47974231,202.823776819,187.611993558,7504.47974231
1E4uh6r69HSjHE2mL3CYugTxBzPrYRLNWd,14220425.0,"('2011-06-30', 4)",27,1.0,20,20,0,18122.0,64905.777778,330421.0,3097.0,15.10166400,15.10166400,0.7550832,0.7550832,15.101664
179jEFpPVFMSBTR4QGfZ6yc83x4f82Kyo5,3667532.0,"('2011-06-12', 123)",10,16.625,133,8,0,36690.5,107510.5,350751.0,5910.0,10954.73902052,10954.73902052,1369.34237756,82.3664588009,10954.739020519988
12HhYz7cXZuDCzgKBsxjweSX3dji3CSqmM,2891780.0,"('2011-06-01', 7)",30,16.6,83,5,0,19658.0,37150.8,109898.0,15240.0,7.25639592,7.56338266,1.451279184,0.0911250922892,7.56338266
1DgjW62DAMj7ewd7KvE4vRFjUn6BjtCT9D,2793066.0,"('2011-04-30', 4)",19,1.2777777777777777,23,18,0,1912.0,11261.117647,54736.0,0.0,108.04000000,108.04000000,6.00222222222,4.69739130435,108.04
1F2orVkFrXsvR5SiypTbyMMP6dFt9xJBik,220087632.0,"('2012-08-25', 2)",237,60.5,242,4,0,3957261.0,56663247.333333,165966890.0,65591.0,2.18000000,20.01885663,0.545,0.0827225480579,20.018856629999988
1JYFY5Uw2SxyGaMaygYHgnAbyA7mVs7TkL,88778862.0,"('2011-05-29', 4)",253,6.595744680851064,310,47,0,20882.5,1350948.090909,29081068.0,1069.0,316.37888910,316.37888910,6.73146572553,1.02057706161,316.37888910000004
1QFcvUUCPLx5ia9dvryv5ZcUbc1GN9wb1j,100750949.0,"('2011-05-23', 3)",28,6.2,31,5,0,19461.0,16379.0,28769.0,1055.0,44.00000000,44.01516012,8.8,1.41984387484,44.01516012
1BstkCpD9GCLEegBe19sTfJPtrb8Li9V8x,6468313.0,"('2011-04-29', 7)",32,16.166666666666668,97,6,0,33304.0,153460.333333,425321.0,1756.0,24.94827880,24.94827880,4.15804646667,0.257198750515,24.948278800000004
1CoMgtgsVKKv238VLF4ovZyx8xhJRquTEf,32368159.0,"('2011-03-05', 16)",15,1.2307692307692308,32,26,10,14285.5,499674.944444,6475833.0,1097.0,28.87000000,28.87000000,1.11038461538,0.9021875,28.87
11rufAvRvDmLZWKgReLtaxc4DiMWscpoF,43355098.0,"('2012-09-25', 3)",69,4.0,60,15,0,316137.0,908465.833333,4283798.0,43741.0,523.64000000,523.64000000,34.9093333333,8.72733333333,523.64
1EkigX5TnGsQRuDtkXy5SJmTgojKz1dvuE,86909937.0,"('2013-11-30', 2)",31,7.0,28,4,0,5313010.0,5313010.0,5313010.0,5313010.0,25.86000000,25.86000000,6.465,0.923571428571,25.86
1BbT3UwysLV98CyfKSnmNxhfZnfEyjVi6w,20305931.0,"('2011-06-08', 4)",24,5.5,33,6,0,4395.0,8224.0,19055.0,3226.0,33.92000000,33.92000000,5.65333333333,1.02787878788,33.92
1Q6XaucrfM7NKZH1KyM4sYFvmwX3gs7jDv,82255197.0,"('2011-06-14', 4)",296,9.878787878787879,326,33,0,20893.0,50819.555556,448204.0,1149.0,497.79696756,497.79696756,15.0847565927,1.52698456307,497.7969675599999
19s893gM3uZeUwLt8QGhtQNeq2WSSY8kto,92264246.0,"('2012-03-19', 3)",327,2.94392523364486,315,107,0,48002.0,73666.969697,1966661.0,1064.0,1007.63000000,1007.63000000,9.41710280374,3.19882539683,1007.6300000000001
12zLSnCKxoMHxaDdEWMqV3CJronBxiJueF,21067624.0,"('2011-06-04', 3)",15,2.111111111111111,19,9,0,13267.0,16482.6,42364.0,2748.0,35.77000000,35.77000000,3.97444444444,1.88263157895,35.769999999999996
1AgjkmvxDM5FKPGJVLEPeJrRkWNRtR2MMM,103292428.0,"('2011-06-06', 2)",27,28.0,28,1,0,29303077.0,29303077.0,29303077.0,29303077.0,9.16000000,9.31001000,9.16,0.332500357143,9.310010000000002
1CXHbL635rGzpYBLgu7vbZhjJrTFoEqVEX,1361064.0,"('2011-05-31', 4)",12,1.0,13,13,0,9926.5,21283.333333,66695.0,1896.0,25.44000000,25.44000000,1.95692307692,1.95692307692,25.44
1PNsJuxMHWMetGkvVy5QzhTKvJ292N4rZG,4088916.0,"('2011-06-03', 4)",21,1.75,28,16,0,2656.0,22073.5625,247366.0,387.0,45.22000000,45.61000000,2.82625,1.62892857143,45.61
1E8yCaf5JoS3whRv4NkhaMhYX8GcqBovg8,126479285.0,"('2011-10-21', 6)",377,9.36734693877551,459,49,1,58457.0,127756.666667,777646.0,868.0,4466.17538012,4466.18538012,91.146436329,9.73025137281,4466.185380120002
1JzUZ7bECqP8w69aVtaUDrNyU3adkeSqNV,77914644.0,"('2013-09-27', 4)",28,1.3043478260869565,30,23,1,48380.0,5265576.416667,62209256.0,1173.0,581.63787453,581.63787453,25.2886032404,19.387929151,581.6378745300001
1DZE4euPkJjKtQPjF8C91FYHq4Th2BAyfR,128424004.0,"('2012-07-29', 18)",251,2.835294117647059,241,85,4,32893.0,222110.607595,7731473.0,0.0,269.88493150,280.90503152,3.17511684118,1.16558104365,280.9050315200001
1GwxT73AJTQ6zQvq7JFKpQT6vzApXxDUQF,60306436.0,"('2011-06-02', 14)",78,1.2921348314606742,115,89,0,5210.0,80935.042254,915724.0,0.0,32.74149260,32.74149260,0.367881939326,0.284708631304,32.741492600000015
1QGpNjt9DYeyRBvSZfikoNa9XCKoXCkko3,199958313.0,"('2013-11-22', 8)",186,4.475,179,40,3,83319.0,613518.076923,7230327.0,283.0,38.10764616,38.10764616,0.94701639725,0.211623775922,37.880655889999986
12h4LX94tm9QMehvE7udtfZ8jnfAQZc8ky,61655840.0,"('2011-05-27', 2)",39,4.5,36,8,0,64434.0,1996447.285714,13628149.0,4603.0,125.28000000,125.28000000,15.66,3.48,125.28000000000004
16aASqj3dxhCwifzuDc3FudM2GTULY5iiG,78225917.0,"('2011-06-06', 2)",25,6.75,27,4,0,12908.0,32315.333333,75167.0,8871.0,31.89000000,31.89000000,7.9725,1.18111111111,31.89
19nXCpW7apoqgaNJ9xroc5YPPz9MPdxBTM,132612054.0,"('2015-06-22', 2)",27,31.0,31,1,0,379768.0,379768.0,379768.0,379768.0,.90000000,1.62000002,0.9,0.0522580651613,1.6200000200000004
1B3QCX8p9bpvKNzqRQ3h2ZNtyqHAQE4q5r,82605788.0,"('2011-04-19', 4)",34,4.125,33,8,0,31605.5,31605.5,46521.0,16690.0,61.31990000,61.31990000,7.65625,1.85606060606,61.25
1Fx49UuXdg6y6jEDMCkPzR8tbq9iA6cZCX,2653427.0,"('2011-06-13', 3)",22,5.0,25,5,0,243257.0,243257.0,243257.0,243257.0,195.57000000,195.57000000,39.114,7.8228,195.57000000000002
1HdxdoHkrSCFmSCzMhA2rUD9hgyYoLHMSN,1797451.0,"('2011-05-27', 32)",6,1.9411764705882353,33,17,0,0.0,349.0,3986.0,0.0,1736.34000000,1736.34000000,102.137647059,52.6163636364,1736.3400000000006
1C9w9sHsBvTnyzbHUu9pPA1n6pdaPVoGMk,2180205.0,"('2011-06-04', 4)",17,1.75,21,12,0,3689.0,16440.6,56010.0,0.0,32.51000000,32.54000000,2.70916666667,1.54952380952,32.540000000000006
1BPGtyVGdBhhKwtcyNiLeJs8kAhg1axxvZ,103275956.0,"('2011-06-08', 6)",45,1.0169491525423728,60,59,0,7625.5,16655.166667,85629.0,991.0,88.89000000,88.89001000,1.50661016949,1.48150016667,88.89001000000003
1PhmqYX9zWC2JmW824reU2fNHbgTSMC229,45631551.0,"('2011-07-27', 11)",214,15.533333333333333,233,15,0,57768.0,306254.555556,2200618.0,20534.0,514.36839799,514.36839799,34.2912265327,2.20758969094,514.3683979900003
1LNYouivbWuYCFkkxLfLai3qQaNcd5YiUc,377881.0,"('2011-05-28', 13)",5,15.5,31,2,0,3232.0,3232.0,3232.0,3232.0,2.82000000,2.82000000,1.41,0.0909677419355,2.8200000000000007
14Fs7aGWngjccyrytx9GUHB6Xct8LYAjz4,41339.0,"('2011-03-03', 46)",2,14.666666666666666,44,3,1,0.0,13.0,117.0,0.0,25.47000000,25.47000000,8.49,0.578863636364,25.470000000000056
1CpGoJkJeYYJFfc1ntYs4oKyt89dzhuuG8,249296.0,"('2011-05-14', 16)",3,1.0666666666666667,16,15,1,2960.5,2960.5,4209.0,1712.0,350.00000000,350.00000000,23.3333333333,21.875,350.0
149eX3cegvbhnxxAeBhzUM5a6g8xCyV3Q6,3147916.0,"('2011-06-08', 3)",20,1.0,15,15,0,14836.0,24806.846154,93792.0,3316.0,18.20000000,18.20000000,1.21333333333,1.21333333333,18.2
12e7qnNsYzpaaz3eVFTPQeBcsk3mV38Gyx,169063390.0,"('2013-05-22', 3)",83,3.4782608695652173,80,23,0,123559.0,982971.045455,10213254.0,8723.0,4.76519786,4.76519786,0.207182515652,0.05956497325,4.76519786
1Q54TBgvKunCHfoppmptW3ijkj1D5V3QcR,37808232.0,"('2011-05-21', 3)",121,1.0833333333333333,78,72,0,85474.0,98848.015152,318898.0,2442.0,75.46590188,75.46590188,1.04813752611,0.967511562564,75.46590188
1EPBbBJ1U4SUGnjw4tFUoa2CBjYahQ6ivk,44750838.0,"('2011-05-21', 3)",33,2.6666666666666665,32,12,0,35420.0,30787.222222,94262.0,256.0,140.43141272,140.43141272,11.7026177267,4.3884816475,140.43141272000003
1KV9aJVA4D433Cc7b5RwN5GNZ4PeRCLsta,4518552.0,"('2011-06-14', 11)",13,1.6666666666666667,20,12,0,9960.0,33920.571429,90568.0,4962.0,38.11177612,38.11177612,3.17598134333,1.905588806,38.11177612000001
1PF7LKiXSxbAYdQ3bF1LR78ckQ7tEsqTFR,3329080.0,"('2011-06-08', 7)",23,2.1052631578947367,40,19,0,18619.5,21898.611111,93076.0,1445.0,42.78000000,42.78000000,2.25157894737,1.0695,42.780000000000015
19t4Bbj4RrZhCCeVA9ewDS2oJqZCvyLjTb,8571916.0,"('2010-12-19', 12)",17,1.5909090909090908,35,22,11,2402.5,34313.166667,383110.0,0.0,321.00000000,321.00000000,14.5909090909,9.17142857143,321.0
1AfsJhyZbPva88mhBe2Lk1LMeNYu2KkQxv,53593111.0,"('2011-05-12', 4)",53,3.1666666666666665,57,18,0,230151.5,1259444.3,5805499.0,0.0,45.92937092,45.92937092,2.55163171778,0.805778437193,45.929370920000004
12zfy3zXQo7UgjgsvzjdKPPk56cRqcFrpF,218547337.0,"('2013-12-04', 3)",30,1.7692307692307692,23,13,0,191955.5,191955.5,381960.0,1951.0,70.22000000,138.55000000,5.40153846154,6.02391304348,138.55
14nnbuwtGtdoJH48V8tXnJ3JUNaA2vCyk2,44829538.0,"('2010-09-02', 4)",23,1.1333333333333333,17,15,0,946.0,573769.846154,6237875.0,0.0,13779.54000000,13779.54000000,918.636,810.561176471,13779.54
1NwUFdUmjcXXfFfeRPNtPzVwXZmmo3K3Az,61279840.0,"('2011-06-20', 3)",28,2.8,28,10,0,43354.0,66260.222222,213856.0,1759.0,65.20000000,65.20000000,6.52,2.32857142857,65.2
146S5SPviRnrrJyhrqgJydqVnCgaz8pzrn,17244746.0,"('2011-04-28', 4)",31,2.2142857142857144,31,14,0,30018.5,45469.6,196752.0,7227.0,165.48000000,165.48000000,11.82,5.33806451613,165.48
1L5xwHnz6fRKMM7Qw9zCLFoo1bbt5VK2w8,9459681.0,"('2011-06-02', 11)",44,5.6923076923076925,74,13,0,3852.0,46512.285714,305949.0,0.0,419.13952702,419.13952702,32.2415020785,5.66404766243,419.1395270200001
1PgvbnoQMMEMwp5UaJZSdYhhP3XGQVcEP9,69206045.0,"('2011-06-24', 3)",58,4.4,66,15,0,62915.0,138804.333333,560363.0,20447.0,58.69696504,58.69696504,3.91313100267,0.889347955152,58.696965039999995
1MpzTK7gATc6poNACAkBdxqVZzLSDBY7uS,6643350.0,"('2011-06-04', 3)",54,5.5,55,10,0,60421.0,118233.25,341981.0,10110.0,141.18000000,141.18000000,14.118,2.56690909091,141.18
1Gp8iUosh43WxMUKFkd8b6FmWNo6Bgs8ey,134804156.0,"('2011-04-20', 7)",51,4.333333333333333,104,24,0,31722.5,33921.75,68879.0,3363.0,58.67462511,58.67462511,2.44477604625,0.564179087596,58.674625109999994
12kkqwm7iBHTiTLsKTjciAG4FNho3Qg6wJ,230441630.0,"('2013-06-09', 10)",26,0.53125,17,32,5,0.0,5633959.692308,66521524.0,0.0,.67412278,.67412278,0.0101034546875,0.0190182676471,0.32331055000000003
1Hvju7X7mfhfBDWjX7V6NhJR9xCshkYdFM,106876831.0,"('2011-05-10', 6)",58,1.4318181818181819,63,44,1,36030.0,164316.285714,1390038.0,943.0,5.11000000,5.11000000,0.116136363636,0.0811111111111,5.109999999999999
1LR6uPcmFQPuqm7rMJZSVb79E6gf1WoQjp,117116561.0,"('2011-06-19', 4)",40,1.0285714285714285,36,35,0,22039.0,36299.4375,180589.0,997.0,56.98000000,57.01319231,1.628,1.58369978639,57.01319231000001
16jN5NhB4eoUqFrSvuNnvDEc57oz6GRNi4,26195884.0,"('2011-04-03', 4)",19,1.6363636363636365,18,11,1,1743805.0,1431261.25,2222007.0,15428.0,21.28500000,21.28500000,1.935,1.1825,21.285000000000004
12PdwBSK9NNTGAKA4eHgByt2npJFvGcnqH,57886340.0,"('2011-06-12', 4)",16,1.0769230769230769,14,13,0,53889.0,82363.5,270165.0,418.0,616.10463751,616.10463751,47.3926644238,44.0074741079,616.10463751
1AQ52f8q4PEfVBp4VqWSVm2i4qaLkXPsiG,37561584.0,"('2012-05-19', 4)",36,1.2727272727272727,28,22,0,63507.0,556549.736842,5992039.0,844.0,217.07770505,217.07770505,9.86716841136,7.75277518036,217.07770505000002
14PAtUKHDToK3wSX2Skkk6r6saWGuGACoj,9402942.0,"('2011-04-25', 9)",21,3.5,49,14,0,8650.0,11660.444444,33021.0,548.0,52.96000000,52.96000000,3.78285714286,1.08081632653,52.96000000000001
1N9xeb22HdZp3VGrJ1qzE3F2yXoAZac8vm,64161135.0,"('2012-09-25', 2)",40,5.833333333333333,35,6,0,361751.0,922790.25,2869404.0,98255.0,40.87371303,40.87371303,6.812285505,1.16782037229,40.87371303
1LNHGvaZGxcqTZ5fGbEszpCDxKZBSJ1yXn,55595605.0,"('2011-05-10', 5)",45,3.625,58,16,0,11684.0,34469.636364,155496.0,219.0,60.19771265,60.19771265,3.76235704062,1.03789159741,60.19771265
1F5CAEz8VmDCrQWDuXNN1WBfSD2fAiE8K6,74069821.0,"('2013-09-15', 3)",46,1.64,41,25,1,25177.5,93233.818182,832778.0,2212.0,158.13614165,158.13614165,5.507845666,3.35844247927,137.69614165000004
1VWgEHtMPmPmgGA3Hbv13DJvMHFtFh23K,7750740.0,"('2011-06-23', 7)",29,1.096774193548387,34,31,0,15543.5,24379.392857,136505.0,3032.0,28.66417139,28.66417139,0.92465069,0.843063864412,28.664171390000003
1S4dSg1x3kPusuPhVk3kU8qqTFpveyacj,5756353.0,"('2011-06-01', 4)",56,1.326086956521739,61,46,0,25565.0,25868.697674,88811.0,0.0,125.96000000,125.96000000,2.73826086957,2.06491803279,125.96000000000001
1G27zG5bgDAsrNuryEoA51QixsHMP6owyJ,23774207.0,"('2011-06-08', 20)",50,1.2289156626506024,102,83,3,7071.0,18571.361111,102646.0,0.0,20.31000000,20.31000000,0.244698795181,0.199117647059,20.31000000000007
1GbZjzuYvcXTMypZErSww1Qwspo6Npe1BK,5217052.0,"('2011-05-31', 7)",21,1.0,27,27,0,10678.0,12924.181818,39803.0,2102.0,13.73000000,13.73000000,0.508518518519,0.508518518519,13.730000000000004
1Mos7p8fqJKBcYNRG1TdT5hBRxdMP6YHPy,1870110.0,"('2011-05-21', 19)",8,5.428571428571429,38,7,0,236214.0,236214.0,236214.0,236214.0,7.54000000,7.54000000,1.07714285714,0.198421052632,7.540000000000007
1AA2MKdGEv7kQZq2KXC5HdQcVaaCS8QcGE,2863374.0,"('2011-05-25', 7)",21,6.222222222222222,56,9,0,4417.0,8711.166667,35722.0,0.0,88.47235813,88.47235813,9.83026201444,1.57986353804,88.47235813000002
1E4sfrUtWag3p6beNHv5srFUm7CvSn5pgT,49603394.0,"('2011-06-16', 2)",35,3.875,31,8,0,73013.0,945831.714286,4125442.0,817.0,30.28000000,30.28000000,3.785,0.976774193548,30.280000000000005
1MC8hwUzr8fnb27GZCsZ4dfzNS5ujdJXdb,34632606.0,"('2012-06-16', 5)",22,1.0526315789473684,20,19,1,14636.5,30507.555556,169536.0,2865.0,138.30000000,138.30000000,7.27894736842,6.915,138.3
14UAV2dTnRTYbeC5e29D3RT6FEZ3WDt2W3,17237709.0,"('2011-06-01', 4)",41,34.5,69,2,0,16776.0,16776.0,16776.0,16776.0,123.77829986,123.77829986,61.88914993,1.79388840377,123.77829986000002
1H1aRg57aJPK5UXJuHLTdkcHFUo5cp5L4t,7398518.0,"('2011-06-10', 4)",46,2.2,44,20,0,25584.5,51101.555556,285781.0,0.0,55.12000000,55.12000000,2.756,1.25272727273,55.12000000000001
15arhcWXRdbEWKL6fJKs84LcDEaBtwqzw2,5104945.0,"('2011-06-01', 4)",26,3.857142857142857,27,7,0,66445.5,120967.0,473989.0,7840.0,21.62000000,27.62000000,3.08857142857,1.02296296296,27.62
1JL1D4dRGwC471aMc5WfoUE9goDdmzGLmX,5756400.0,"('2011-04-30', 3)",26,1.1578947368421053,22,19,0,19654.5,24659.5,51812.0,8955.0,60.20000000,60.20000000,3.16842105263,2.73636363636,60.2
1QKCch2Ume6QtQw827J1HBKjuEnjQbi46K,39301486.0,"('2011-06-17', 4)",22,1.3888888888888888,25,18,1,8176.0,2307254.5,36632723.0,271.0,33.38000000,33.38000001,1.85444444444,1.3352000004,33.380000009999996
12HLrsv4up7QFEkU6VF7AHd4hzPuaE4P3t,133093507.0,"('2011-05-15', 12)",120,8.583333333333334,206,24,0,44050.0,336432.65,4262148.0,1202.0,1049.68082016,1049.68082016,43.73670084,5.09553796194,1049.68082016
16HXnyzV6FoEbjYBDXH2SoCwijjZnZNqAJ,11991508.0,"('2011-06-08', 5)",24,1.0,19,19,0,24233.0,34113.384615,83843.0,3832.0,.36000000,.36000000,0.0189473684211,0.0189473684211,0.3600000000000001
1JETm1sDpse1Kiz4eogduVcdrwoF5UiDbH,62331710.0,"('2011-07-13', 4)",153,6.851851851851852,185,27,0,46441.0,239789.095238,1378090.0,0.0,50.37168719,50.37168719,1.86561804407,0.272279390216,50.371687190000024
1K4C7YLFhNTtJeuvs6gqVD3sR9NAcKixkR,79753910.0,"('2011-05-23', 8)",11,4.166666666666667,25,6,0,17722.0,17722.0,17722.0,17722.0,4.69972180,4.69972180,0.783286966667,0.187988872,4.6997218
1C3dFFzN15p2cjHsMSEtjAEqrSdekh8fiG,184071383.0,"('2011-05-17', 10)",859,12.062992125984252,1532,127,1,22963.5,37164.830645,404352.0,0.0,4079.12909813,4079.12909813,32.1191267569,2.66261690478,4079.129098130025
1MontTjyGP7MBLqyJ43CtbMPRxYfjE5nLh,5215945.0,"('2011-05-01', 14)",58,20.916666666666668,502,24,0,7979.0,6218.666667,10677.0,0.0,443.19000000,443.19000000,18.46625,0.882848605578,443.19000000000005
1EAAQGScDYt5n96te62dwqs3MjwBqEKpV5,63259688.0,"('2011-05-13', 3)",61,2.111111111111111,57,27,0,26088.0,53051.541667,175010.0,2521.0,410.57643839,410.57643839,15.2065347552,7.20309541035,410.5764383900001
1KdCo9zcJkpkPejfkK7oc2259PvgNXrzwq,55053620.0,"('2012-06-25', 4)",115,0.9896907216494846,96,97,0,17101.0,41075.056818,785112.0,2498.0,484.10816764,484.10816764,4.93925946021,4.99071007958,479.10816764000003
13MLa7Xna9LugQ23z8Fqqpg7iQPr1Vk1Ck,6605808.0,"('2011-06-12', 12)",38,1.0204081632653061,50,49,0,7217.0,42595.058824,836842.0,0.0,29.98975666,29.98975666,0.612035850204,0.5997951332,29.989756660000012
184CQ7agrApMYpnKTzWnsMjV9Wx3raHw7S,30785903.0,"('2011-03-13', 11)",112,1.0669856459330143,223,209,0,16011.0,38312.633333,404522.0,0.0,12977.96619820,12977.96619820,62.0955320488,58.1971578395,12977.9661982
1H4MMbN5ap2EEToP9jmEVrUu9qp8R3Mjjk,82915163.0,"('2011-05-07', 12)",124,9.057142857142857,317,35,0,35766.0,171982.24,2983402.0,2444.0,78.83339550,78.83340550,2.25238272857,0.248685821767,78.83340550000001
14xhyWXA26vEv9tdmRNh4ZC34tioxRgFpm,215348809.0,"('2011-02-06', 4)",77,10.555555555555555,95,9,0,970521.0,5794181.333333,16325335.0,86688.0,594.06051000,594.06051000,66.0067233333,6.25326852632,594.06051
19W2KUPh62z8goYYSGXeBXsHwAUeZfwAiy,211346914.0,"('2015-10-27', 2)",230,22.3,223,10,0,70483.0,4527517.0,21082607.0,3252.0,69.53927638,69.53927638,6.953927638,0.31183532009,69.53927638000005
17vGoiWm4in6Jb9WirmZ4rr7eW9f3gLZ8Q,2235370.0,"('2011-05-29', 5)",17,7.5,30,4,0,78764.5,86902.0,181568.0,8511.0,5.08197483,5.69327972,1.2704937075,0.189775990667,5.69327972
1KTM5Feyk6LR9CTNrarjq169wQsnRTFdT1,13727799.0,"('2011-06-08', 3)",38,6.0,36,6,0,122470.0,124949.25,254072.0,785.0,140.80000000,140.83000000,23.4666666667,3.91194444444,140.83000000000004
15be1nCCjjk9qdmLhjAA9QLAMyywTUtk74,47942944.0,"('2011-07-16', 3)",91,4.0,84,21,0,64039.0,130575.421053,858436.0,1411.0,64.09742689,64.09742689,3.05225842333,0.763064605833,64.09742689000001
1NYs8fC7fU74RifHkWRwAcpmKJhgz2XRUq,773159.0,"('2010-11-16', 1512)",4,1.0046542553191489,1511,1504,0,43347.0,43347.0,43347.0,43347.0,15.11000000,15.11000000,0.0100465425532,0.01,15.109999999999722
16QV5y3ZStbQfb9k3a6pUSwby4bW8KG5ZC,4327745.0,"('2011-06-09', 5)",37,22.333333333333332,67,3,0,21173.5,21173.5,42347.0,0.0,2.34000000,3.89000000,0.78,0.0580597014925,3.889999999999998
1KDRsgXFCgMZfk5RrNXFT7UXsBTvsCt1H6,197102707.0,"('2012-05-01', 178)",271,2.6740506329113924,845,316,24,1541.5,22469.411111,1003602.0,0.0,2726.28712074,2726.28712074,8.62742114684,3.22634920994,2726.2650824000025
14DeCjzzTjkatkTXGizJp3rKWrwds1HGsQ,1824475.0,"('2011-05-29', 35)",15,1.44,72,50,4,313.0,2833.882353,56458.0,0.0,782.82000000,782.82000000,15.622,10.8486111111,781.0999999999999
17DSd59xKJeg7rBrYtbd7vzWVoH9LKTQsb,3796718.0,"('2011-06-27', 11)",31,1.1142857142857143,39,35,0,12232.5,37180.535714,249626.0,1660.0,28.60545963,28.60545963,0.817298846571,0.733473323846,28.60545963
1Gy5vtHrf8dsB9fV9fsWB5VjpAaejZAjwi,83768467.0,"('2012-08-06', 9)",31,5.533333333333333,83,15,0,86214.0,200377.625,773405.0,4656.0,89.85677799,89.85677799,5.98711853267,1.08200937337,89.80677799
1CX8b4KNtWAfmkXyDipzPHnpTmxRDoBWrQ,12806684.0,"('2010-11-10', 9)",44,1.0363636363636364,57,55,0,13231.5,32961.0,282539.0,0.0,87700.00000000,87700.00000000,1594.54545455,1538.59649123,87700.0
1DwzQHCo9ZZqwyrrzfq8cRB1wGv5YtuGJo,10891603.0,"('2011-03-07', 2)",26,5.2,26,5,0,431763.0,442575.333333,665196.0,230767.0,344.62000000,344.62000000,68.924,13.2546153846,344.62
14wZfHwKuXDzp7kGfgVBxxP7PEPek5HKmj,102838193.0,"('2014-08-31', 7)",658,10.934426229508198,667,61,0,25319.0,43026.941176,102148.0,176.0,292.73000000,292.73000000,4.79885245902,0.438875562219,292.7299999999999
1NevdL5aeAUs2Fz9LzSPgN6Jv7oNpkB6m8,2833928.0,"('2011-05-16', 13)",25,1.509433962264151,80,53,0,13937.0,21891.0,77333.0,474.0,27.34626854,27.34626854,0.515967330943,0.34182835675,27.346268540000008
1PqBvfATTggDRiQTFFC9owPeTEf46iZ8Ca,63877163.0,"('2012-10-07', 14)",41,37.8,189,5,0,16637.0,7088468.714286,49386772.0,0.0,932313.0,980530.0,0.01864626,0.000518798941799,0.09805299999999997
17Bzz9S8rFuiYqdsFprX7jnaBKLbiGRpny,1977378.0,"('2011-05-08', 4)",18,2.5,20,8,0,3838.0,21692.833333,87318.0,610.0,166.15000000,166.15000000,20.76875,8.3075,166.15
1WY1FhrGCk7BwB22FyvCx533n1BftME1F,190983733.0,"('2013-02-24', 9)",36,5.714285714285714,40,7,9,2378.0,4119010.125,16431672.0,0.0,181.31538845,181.31538845,8.27867775714,1.4487686075,126.87538845000002
1CwhRvwHRZnfYSeUtyESLfm9LbGfsqZicn,56369031.0,"('2011-05-06', 2)",93,2.6666666666666665,72,27,0,57201.5,527901.5,1968126.0,29077.0,82.26000000,82.26000000,3.04666666667,1.1425,82.26
1E3dxKfhVDWj6hVjhyCx6AnGiJCWwMVpo9,127723512.0,"('2013-11-22', 5)",273,9.382352941176471,319,34,0,30771.0,880810.8,19514183.0,0.0,418.57757248,418.57757248,12.3111050729,1.31215539962,418.57757247999996
12nQBmo1C7a8kfshNMFPYT3rKyVSVD12nD,20089778.0,"('2011-05-16', 12)",21,68.0,136,2,0,16160.0,16160.0,16160.0,16160.0,5.62000000,5.62000000,2.81,0.0413235294118,5.619999999999994
1NmECYqWgxXsF89o8Y4VGdz5CLnBZhNd3c,5618043.0,"('2011-05-16', 5)",40,3.1666666666666665,57,18,0,19532.0,19980.769231,46849.0,865.0,51.83000000,51.83000000,2.87944444444,0.909298245614,51.830000000000005
1AqNw2f1tFaz2eVsVEMnpDVj3YU6WSspj9,30728999.0,"('2011-06-15', 4)",302,25.583333333333332,307,12,0,22170.0,43350.181818,199831.0,6373.0,1244.44000000,1244.44000000,103.703333333,4.0535504886,1244.44
1AHePhSScviVTdWeebVt6cy42vRRaGnymX,212209593.0,"('2017-12-02', 4)",58,1.5833333333333333,38,24,0,2063953.5,6078706.833333,47980688.0,354104.0,7.96351284,7.96351284,0.331813035,0.209566127368,7.963512840000001
